user_id,user_name,follower_id,post_id,post_text,post_timestamp
1,JohnDoe,2,1,Just posted my first tweet!,01-01-2024 10:00
2,JaneSmith,1,2,Hello everyone!,01-01-2024 10:05
3,TomClark,1,3,Starting my day with coffee.,01-01-2024 10:10
4,AliceBrown,2,4,Excited to be part of this community.,01-01-2024 10:15
5,DavidLee,1,5,What a beautiful day!,01-01-2024 10:20
6,EmmaJohnson,3,6,Sharing my thoughts on technology.,01-01-2024 10:25
7,MichaelWhite,4,7,Another busy day ahead.,01-01-2024 10:30
8,SarahYoung,5,8,Learning something new every day.,01-01-2024 10:35
9,JamesWalker,6,9,This is a test post.,01-01-2024 10:40
10,RobertHall,7,10,Social networks are fascinating!,01-01-2024 10:45
11,JenniferClark,8,11,Posting another update.,01-01-2024 10:50
12,CharlesAdams,9,12,What do you think of this?,01-01-2024 10:55
13,PatriciaTurner,10,13,Coffee is life.,01-01-2024 11:00
14,ChristopherScott,11,14,Sharing my latest blog post.,01-01-2024 11:05
15,LindaRoberts,12,15,Loving the weather today!,01-01-2024 11:10
16,MatthewMitchell,13,16,Thinking about technology trends.,01-01-2024 11:15
17,BarbaraMoore,14,17,Enjoying the weekend!,01-01-2024 11:20
18,JoshuaAnderson,15,18,Just finished a great book.,01-01-2024 11:25
19,SusanTaylor,16,19,Time for some coding.,01-01-2024 11:30
20,AndrewThomas,17,20,Exploring social networks.,01-01-2024 11:35
21,JessicaMartinez,18,21,Creating something new.,01-01-2024 11:40
22,MarkPerez,19,22,Happy to be here!,01-01-2024 11:45
23,KarenRobinson,20,23,Looking forward to the week ahead.,01-01-2024 11:50
24,DanielLewis,21,24,What are your thoughts on this?,01-01-2024 11:55
25,NancyHarris,22,25,Just finished a big project.,01-01-2024 12:00
26,GeorgeKing,23,26,Loving the energy!,01-01-2024 12:05
27,LisaBaker,24,27,Time to reflect on the day.,01-01-2024 12:10
28,DonaldNelson,25,28,Feeling motivated!,01-01-2024 12:15
29,MaryHill,26,29,Another productive day!,01-01-2024 12:20
30,AnthonyCarter,27,30,Learning new things every day.,01-01-2024 12:25
31,KarenEvans,28,31,Growing with each challenge.,01-01-2024 12:30
32,StevenGreen,29,32,Time to recharge.,01-01-2024 12:35
33,BettyAllen,30,33,Progress over perfection.,01-01-2024 12:40
34,PaulWright,31,34,Taking it one step at a time.,01-01-2024 12:45
35,ShirleyAdams,32,35,Inspired by the community.,01-01-2024 12:50
36,KevinCampbell,33,36,Keep moving forward.,01-01-2024 12:55
37,DorothyYoung,34,37,Every day is a new opportunity.,01-01-2024 13:00
38,BrianTorres,35,38,Small wins lead to big success.,01-01-2024 13:05
39,SandraKelly,36,39,One step closer to the goal.,01-01-2024 13:10
40,EdwardPerez,37,40,Embrace the process.,01-01-2024 13:15
41,AngelaHoward,38,41,Feeling grateful.,01-01-2024 13:20
42,JasonBarnes,39,42,Success is a journey.,01-01-2024 13:25
43,HelenRivera,40,43,Keep pushing forward.,01-01-2024 13:30
44,FrankRoss,41,44,Excited for what's next.,01-01-2024 13:35
45,DeborahMorgan,42,45,Taking it day by day.,01-01-2024 13:40
46,GaryBell,43,46,One day at a time.,01-01-2024 13:45
47,LauraMurphy,44,47,Making progress.,01-01-2024 13:50
48,EricKim,45,48,Consistency is key.,01-01-2024 13:55
49,CarolBailey,46,49,Believe in yourself.,01-01-2024 14:00
50,ScottReed,47,50,Overcoming challenges.,01-01-2024 14:05
51,MarthaRamirez,48,51,Finding balance.,01-01-2024 14:10
52,JustinCox,49,52,Taking time for self-care.,01-01-2024 14:15
53,DebraDiaz,50,53,Feeling inspired.,01-01-2024 14:20
54,GregoryRichardson,51,54,The sky's the limit.,01-01-2024 14:25
55,AmyWood,52,55,Moving forward with purpose.,01-01-2024 14:30
56,RaymondJames,53,56,Stay focused.,01-01-2024 14:35
57,RachelWatson,54,57,Keeping a positive mindset.,01-01-2024 14:40
58,RogerBrooks,55,58,Taking on new challenges.,01-01-2024 14:45
59,CatherineGray,56,59,Ready for the next step.,01-01-2024 14:50
60,CarlSanders,57,60,Progress every day.,01-01-2024 14:55
61,JuliePrice,58,61,Focused on growth.,01-01-2024 15:00
62,LawrenceButler,59,62,Time to reflect.,01-01-2024 15:05
63,DianaLong,60,63,Learning and growing.,01-01-2024 15:10
64,TimothyFoster,61,64,Taking on new opportunities.,01-01-2024 15:15
65,BrendaHughes,62,65,Feeling motivated.,01-01-2024 15:20
66,PatrickPatterson,63,66,Growth mindset.,01-01-2024 15:25
67,MarieSimmons,64,67,Focus on what matters.,01-01-2024 15:30
68,DennisFlores,65,68,Keep learning.,01-01-2024 15:35
69,HeatherWard,66,69,Ready for a new challenge.,01-01-2024 15:40
70,JerryMorris,67,70,Believe in the journey.,01-01-2024 15:45
71,DianePowell,68,71,Staying positive.,01-01-2024 15:50
72,AaronSullivan,69,72,Excited for the future.,01-01-2024 15:55
73,AshleyRussell,70,73,Taking action.,01-01-2024 16:00
74,AdamJenkins,71,74,Focused on the goal.,01-01-2024 16:05
75,RuthMorris,72,75,Embracing new experiences.,01-01-2024 16:10
76,ChrisPeterson,73,76,Learning something new.,01-01-2024 16:15
77,EvelynPerry,74,77,Feeling determined.,01-01-2024 16:20
78,JohnnyCollins,75,78,Growth is a process.,01-01-2024 16:25
79,JoanJenkins,76,79,Focused on improvement.,01-01-2024 16:30
80,BillyGray,77,80,Onward and upward.,01-01-2024 16:35
81,JaniceHoward,78,81,Staying on track.,01-01-2024 16:40
82,JoeWard,79,82,Focused on the future.,01-01-2024 16:45
83,PaulaPatterson,80,83,Embracing change.,01-01-2024 16:50
84,AnneButler,81,84,Growth takes time.,01-01-2024 16:55
85,RaymondGonzalez,82,85,Excited to move forward.,01-01-2024 17:00
86,KarenSanders,83,86,Taking the next step.,01-01-2024 17:05
87,PhilipCole,84,87,Focused on growth.,01-01-2024 17:10
88,MarthaTorres,85,88,Embracing the process.,01-01-2024 17:15
89,RonaldNguyen,86,89,Ready for what's next.,01-01-2024 17:20
90,TheresaRivera,87,90,Feeling accomplished.,01-01-2024 17:25
91,RogerKing,88,91,Keep moving forward.,01-01-2024 17:30
92,AmyCook,89,92,The future is bright.,01-01-2024 17:35
93,GloriaWard,90,93,Making progress every day.,01-01-2024 17:40
94,KevinPeterson,91,94,Time for a new adventure.,01-01-2024 17:45
95,MelissaJenkins,92,95,Focused on improvement.,01-01-2024 17:50
96,BrandonEvans,93,96,Taking things one step at a time.,01-01-2024 17:55
97,AnnReed,94,97,Feeling determined.,01-01-2024 18:00
98,LouisWard,95,98,Excited to learn more.,01-01-2024 18:05
99,JoyceBarnes,96,99,Embracing the journey.,01-01-2024 18:10
100,HenryDavis,97,100,Keep going!,01-01-2024 18:15
